epoch,accuracy,auc,distillation_loss,hard_loss,loss,precision,recall,val_accuracy,val_auc,val_distillation_loss,val_hard_loss,val_loss,val_precision,val_recall,learning_rate
1,0.6169354915618896,0.6398427486419678,0.6666103601455688,0.6956361532211304,2.026432991027832,0.6851211190223694,0.6666666865348816,0.6028037667274475,0.6089208126068115,0.0,0.6871241331100464,0.6871241331100464,0.6080402135848999,0.9453125,0.000699999975040555
2,0.6542338728904724,0.708453893661499,0.644143283367157,0.6409010887145996,1.934914231300354,0.7311233878135681,0.6683501601219177,0.6355140209197998,0.6691951155662537,0.0,0.680986762046814,0.680986762046814,0.77173912525177,0.5546875,0.000699999975040555
3,0.649193525314331,0.7003684639930725,0.6326377391815186,0.6536520719528198,1.9186373949050903,0.7329545617103577,0.6515151262283325,0.4719626307487488,0.6639716625213623,0.0,0.6809894442558289,0.6809894442558289,0.7027027010917664,0.203125,0.000699999975040555
4,0.6663306355476379,0.7409924268722534,0.6232171654701233,0.5813010334968567,1.8432234525680542,0.7890110015869141,0.6043770909309387,0.5093457698822021,0.6742823123931885,0.0,0.6746727824211121,0.6746727824211121,0.7555555701255798,0.265625,0.000699999975040555
5,0.6572580933570862,0.7399306893348694,0.6128687858581543,0.5886942148208618,1.8255369663238525,0.7702127695083618,0.6094276309013367,0.3971962630748749,0.6663789749145508,0.0,0.6926513910293579,0.6926513910293579,0.3333333432674408,0.0078125,0.000699999975040555
6,0.6622983813285828,0.7571041584014893,0.6149316430091858,0.5696840882301331,1.8159750699996948,0.8261964917182922,0.5521885752677917,0.420560747385025,0.6398982405662537,0.0,0.6950035691261292,0.6950035691261292,0.6428571343421936,0.0703125,0.000699999975040555
7,0.6824596524238586,0.7630556225776672,0.602164089679718,0.5527167320251465,1.7745853662490845,0.8266978859901428,0.5942760705947876,0.6495327353477478,0.6528887748718262,0.0,0.6753986477851868,0.6753986477851868,0.6549707651138306,0.875,0.000699999975040555
8,0.7006048560142517,0.7869482040405273,0.5966533422470093,0.550700306892395,1.7607390880584717,0.803680956363678,0.6616161465644836,0.4065420627593994,0.6200944185256958,0.0,0.783929705619812,0.783929705619812,1.0,0.0078125,0.000699999975040555
9,0.7056451439857483,0.7823185920715332,0.5990990400314331,0.5451704859733582,1.7621443271636963,0.819915235042572,0.6515151262283325,0.4953271150588989,0.6348110437393188,0.0,0.709321141242981,0.709321141242981,0.7631579041481018,0.2265625,0.0003499999875202775
10,0.6965726017951965,0.7931957840919495,0.5931284427642822,0.5216490030288696,1.7310885190963745,0.8292135000228882,0.6212121248245239,0.5747663378715515,0.6790969967842102,0.0,0.6527103185653687,0.6527103185653687,0.7078651785850525,0.4921875,0.0003499999875202775
11,0.7106854915618896,0.797074556350708,0.5908523201942444,0.5184535980224609,1.7235890626907349,0.8191268444061279,0.6632996797561646,0.5607476830482483,0.6472111344337463,0.0,0.6713728904724121,0.6713728904724121,0.7179487347602844,0.4375,0.0003499999875202775
12,0.7207661271095276,0.7993143200874329,0.5886543989181519,0.5092498660087585,1.711761474609375,0.8322851061820984,0.6683501601219177,0.5747663378715515,0.6871820092201233,0.0,0.635553777217865,0.635553777217865,0.698924720287323,0.5078125,0.0003499999875202775
13,0.71875,0.8141443133354187,0.5852468609809875,0.5042176842689514,1.700345754623413,0.8220859169960022,0.6767676472663879,0.5887850522994995,0.6931777000427246,0.0,0.6379138231277466,0.6379138231277466,0.692307710647583,0.5625,0.0003499999875202775
14,0.7318548560142517,0.8087576627731323,0.5826858282089233,0.5079697370529175,1.6974197626113892,0.8293172717094421,0.695286214351654,0.6168224215507507,0.7159338593482971,0.0,0.5978941321372986,0.5978941321372986,0.7555555701255798,0.53125,0.0003499999875202775
15,0.7197580933570862,0.8244251608848572,0.58256596326828,0.48367637395858765,1.6789488792419434,0.8305439352989197,0.6683501601219177,0.6308411359786987,0.7183411717414856,0.0,0.5908733606338501,0.5908733606338501,0.7692307829856873,0.546875,0.0003499999875202775
16,0.7590726017951965,0.8503184914588928,0.5726550817489624,0.4645686745643616,1.6423434019088745,0.8473581075668335,0.7289562225341797,0.6542056202888489,0.7567678093910217,0.0,0.5484193563461304,0.5484193563461304,0.7755101919174194,0.59375,0.0003499999875202775
17,0.7106854915618896,0.8112468719482422,0.5903063416481018,0.5124967694282532,1.7180290222167969,0.8151950836181641,0.6683501601219177,0.6495327353477478,0.7582212686538696,0.0,0.5611615180969238,0.5611615180969238,0.7623762488365173,0.6015625,0.0003499999875202775
18,0.7389112710952759,0.8379651308059692,0.5759850740432739,0.4757649898529053,1.6582844257354736,0.8062157034873962,0.7424242496490479,0.7056074738502502,0.783203125,0.0,0.5554160475730896,0.5554160475730896,0.8651685118675232,0.6015625,0.0003499999875202775
19,0.7520161271095276,0.849988579750061,0.5712841749191284,0.4555324614048004,1.6325581073760986,0.8479999899864197,0.7138047218322754,0.7196261882781982,0.7734374403953552,0.0,0.5542774796485901,0.5542774796485901,0.8207547068595886,0.6796875,0.0003499999875202775
20,0.7530242204666138,0.8414780497550964,0.5767549276351929,0.479290634393692,1.66270911693573,0.8414872884750366,0.7239057421684265,0.6962617039680481,0.7648074626922607,0.0,0.537997305393219,0.537997305393219,0.8539325594902039,0.59375,0.0003499999875202775
21,0.757056474685669,0.8434279561042786,0.5735374689102173,0.47202810645103455,1.65004563331604,0.8508946299552917,0.7205387353897095,0.7289719581604004,0.8023709654808044,0.0,0.534328043460846,0.534328043460846,0.8240740895271301,0.6953125,0.0003499999875202775
22,0.7671371102333069,0.8479434251785278,0.5707212686538696,0.46630141139030457,1.639443278312683,0.8524271845817566,0.7390572428703308,0.7242990732192993,0.8045058250427246,0.0,0.5484047532081604,0.5484047532081604,0.800000011920929,0.71875,0.0003499999875202775
23,0.7560483813285828,0.8467125296592712,0.568821132183075,0.4636510908603668,1.6332039833068848,0.8308270573616028,0.744107723236084,0.7196261882781982,0.8079578280448914,0.0,0.5446469187736511,0.5446469187736511,0.7881355881690979,0.7265625,0.0003499999875202775
24,0.7590726017951965,0.851035475730896,0.5657548308372498,0.4509003162384033,1.6167625188827515,0.8380952477455139,0.7407407164573669,0.7196261882781982,0.8071856498718262,0.0,0.5424672365188599,0.5424672365188599,0.7833333611488342,0.734375,0.0003499999875202775
25,0.7600806355476379,0.8578456044197083,0.5690914392471313,0.45060810446739197,1.6240736246109009,0.8662551641464233,0.7087541818618774,0.6869158744812012,0.7690770030021667,0.0,0.558780312538147,0.558780312538147,0.821052610874176,0.609375,0.0003499999875202775
26,0.7711693644523621,0.860205888748169,0.5671998858451843,0.4435582756996155,1.614554524421692,0.8619329333305359,0.7356902360916138,0.7102803587913513,0.7896984219551086,0.0,0.5760525465011597,0.5760525465011597,0.84375,0.6328125,0.0003499999875202775
27,0.7832661271095276,0.865744948387146,0.5628107190132141,0.43952107429504395,1.6016790866851807,0.8489871025085449,0.7760942578315735,0.7383177280426025,0.8150889873504639,0.0,0.5153722167015076,0.5153722167015076,0.8461538553237915,0.6875,0.0003499999875202775
28,0.7731854915618896,0.8667199611663818,0.5641220808029175,0.4367047846317291,1.602539300918579,0.8500948548316956,0.7542087435722351,0.7196261882781982,0.7902435064315796,0.0,0.5336993932723999,0.5336993932723999,0.8541666865348816,0.640625,0.0003499999875202775
29,0.7711693644523621,0.8591336011886597,0.5636149048805237,0.44138017296791077,1.604926586151123,0.8767967224121094,0.7188552021980286,0.7242990732192993,0.8034610748291016,0.0,0.5376471877098083,0.5376471877098083,0.8165137767791748,0.6953125,0.0003499999875202775
30,0.7772177457809448,0.871205747127533,0.5629480481147766,0.42592328786849976,1.5918618440628052,0.8635477423667908,0.7457912564277649,0.7616822719573975,0.8172692656517029,0.0,0.5338557958602905,0.5338557958602905,0.8407079577445984,0.7421875,0.0003499999875202775
31,0.7731854915618896,0.8669504523277283,0.5608935952186584,0.43352067470550537,1.5929560661315918,0.8697394728660583,0.7306397557258606,0.7196261882781982,0.8015534281730652,0.0,0.5198147296905518,0.5198147296905518,0.8469387888908386,0.6484375,0.0003499999875202775
32,0.7711693644523621,0.8623588681221008,0.5663579702377319,0.4453223943710327,1.6141215562820435,0.8535645604133606,0.7457912564277649,0.7242990732192993,0.8042787313461304,0.0,0.5093117356300354,0.5093117356300354,0.8165137767791748,0.6953125,0.0003499999875202775
33,0.7903226017951965,0.8808542490005493,0.5608130693435669,0.41471391916275024,1.5787156820297241,0.8784313797950745,0.7542087435722351,0.7523364424705505,0.8151798844337463,0.0,0.5268206000328064,0.5268206000328064,0.8712871074676514,0.6875,0.0003499999875202775
34,0.7973790168762207,0.8873766660690308,0.5559021234512329,0.40699487924575806,1.5618984699249268,0.8830409646034241,0.7626262903213501,0.7336448431015015,0.811455249786377,0.0,0.5385094285011292,0.5385094285011292,0.8317757248878479,0.6953125,0.0003499999875202775
35,0.8024193644523621,0.8896926045417786,0.5586257576942444,0.4005243480205536,1.5631948709487915,0.8932806253433228,0.7609427571296692,0.7523364424705505,0.8146347999572754,0.0,0.5469979047775269,0.5469979047775269,0.8151260614395142,0.7578125,0.00017499999376013875
36,0.7842742204666138,0.8780455589294434,0.5562195777893066,0.41854777932167053,1.5713043212890625,0.8612167239189148,0.7626262903213501,0.7523364424705505,0.8183138966560364,0.0,0.5523504614830017,0.5523504614830017,0.8099173307418823,0.765625,0.00017499999376013875
37,0.7852822542190552,0.8867548704147339,0.5544543862342834,0.4075029790401459,1.5590554475784302,0.8787276148796082,0.744107723236084,0.7429906725883484,0.8190406560897827,0.0,0.5403419733047485,0.5403419733047485,0.8016529083251953,0.7578125,0.00017499999376013875
38,0.7973790168762207,0.8934593200683594,0.5526135563850403,0.3931542932987213,1.544157862663269,0.875717043876648,0.7710437774658203,0.7383177280426025,0.8163608312606812,0.0,0.5614446997642517,0.5614446997642517,0.7903226017951965,0.765625,0.00017499999376013875
39,0.8044354915618896,0.8942016363143921,0.5552424788475037,0.40646985173225403,1.5600676536560059,0.8773584961891174,0.7828282713890076,0.7523364424705505,0.8162699937820435,0.0,0.5220642685890198,0.5220642685890198,0.837837815284729,0.7265625,0.00017499999376013875
40,0.7963709831237793,0.8840752840042114,0.5558701753616333,0.4057869017124176,1.560975432395935,0.881322979927063,0.7626262903213501,0.7429906725883484,0.8055504560470581,0.0,0.5689995884895325,0.5689995884895325,0.8230088353157043,0.7265625,0.00017499999376013875
41,0.7792338728904724,0.8777642250061035,0.5535558462142944,0.4163789749145508,1.5637192726135254,0.840290367603302,0.7794612646102905,0.7523364424705505,0.8099109530448914,0.0,0.5542052984237671,0.5542052984237671,0.8260869383811951,0.7421875,0.00017499999376013875
42,0.8044354915618896,0.8887852430343628,0.5507734417915344,0.40135690569877625,1.5461983680725098,0.8921568393707275,0.7659932374954224,0.7523364424705505,0.8107285499572754,0.0,0.5476721525192261,0.5476721525192261,0.8260869383811951,0.7421875,8.749999688006938e-05
43,0.7963709831237793,0.8955171704292297,0.5518130660057068,0.3924177587032318,1.5418368577957153,0.8828125,0.7609427571296692,0.7476635575294495,0.8159520030021667,0.0,0.554104208946228,0.554104208946228,0.8083333373069763,0.7578125,8.749999688006938e-05
44,0.7862903475761414,0.8812390565872192,0.5539284944534302,0.40610310435295105,1.5568649768829346,0.8603773713111877,0.7676767706871033,0.7523364424705505,0.8122274875640869,0.0,0.5463646650314331,0.5463646650314331,0.8260869383811951,0.7421875,8.749999688006938e-05
45,0.7963709831237793,0.8884341716766357,0.5536913275718689,0.39994949102401733,1.5517178773880005,0.8783783912658691,0.7659932374954224,0.7663551568984985,0.8193587064743042,0.0,0.5321563482284546,0.5321563482284546,0.8611111044883728,0.7265625,8.749999688006938e-05
46,0.7893145084381104,0.8863996267318726,0.5521255135536194,0.4056153893470764,1.5524481534957886,0.8811880946159363,0.7491582632064819,0.7523364424705505,0.8165425062179565,0.0,0.5354232788085938,0.5354232788085938,0.8205128312110901,0.75,8.749999688006938e-05
47,0.8125,0.897063136100769,0.5511921644210815,0.3880474865436554,1.537175178527832,0.8968871831893921,0.7760942578315735,0.7429906725883484,0.8112735748291016,0.0,0.5399195551872253,0.5399195551872253,0.8173912763595581,0.734375,8.749999688006938e-05
48,0.8175403475761414,0.9037125706672668,0.5526567101478577,0.37871381640434265,1.5334745645523071,0.8888888955116272,0.7946127653121948,0.7570093274116516,0.8143622875213623,0.0,0.5493637919425964,0.5493637919425964,0.8275862336158752,0.75,8.749999688006938e-05
49,0.8266128897666931,0.907659113407135,0.5478681921958923,0.3750002682209015,1.5199180841445923,0.8921933174133301,0.808080792427063,0.7616822719573975,0.8182684779167175,0.0,0.5513034462928772,0.5513034462928772,0.834782600402832,0.75,8.749999688006938e-05
50,0.8074596524238586,0.8979598879814148,0.5490452647209167,0.38276058435440063,1.5283888578414917,0.8974359035491943,0.7659932374954224,0.7523364424705505,0.8205395936965942,0.0,0.5539158582687378,0.5539158582687378,0.8318583965301514,0.734375,4.374999844003469e-05
51,0.7903226017951965,0.8920613527297974,0.5522077679634094,0.39820900559425354,1.5470908880233765,0.8814229369163513,0.7508417367935181,0.7616822719573975,0.8180413842201233,0.0,0.5470756888389587,0.5470756888389587,0.8407079577445984,0.7421875,4.374999844003469e-05
52,0.8205645084381104,0.9035687446594238,0.5491349101066589,0.37511417269706726,1.522856593132019,0.8909774422645569,0.7979797720909119,0.7476635575294495,0.8191315531730652,0.0,0.5572020411491394,0.5572020411491394,0.8083333373069763,0.7578125,4.374999844003469e-05
53,0.8145161271095276,0.9027608633041382,0.5488256216049194,0.3791011869907379,1.525152564048767,0.8867924809455872,0.7912458181381226,0.7383177280426025,0.8156794905662537,0.0,0.5532693862915039,0.5532693862915039,0.8103448152542114,0.734375,4.374999844003469e-05
54,0.8004032373428345,0.897560179233551,0.5510576367378235,0.3828292191028595,1.532970905303955,0.8944222927093506,0.755892276763916,0.7616822719573975,0.8194949626922607,0.0,0.5559301972389221,0.5559301972389221,0.8407079577445984,0.7421875,4.374999844003469e-05
55,0.8014112710952759,0.8974395990371704,0.5480338931083679,0.38070952892303467,1.5245780944824219,0.8899803757667542,0.7626262903213501,0.7523364424705505,0.8191769123077393,0.0,0.5537189841270447,0.5537189841270447,0.8151260614395142,0.7578125,2.1874999220017344e-05
56,0.8094757795333862,0.8980191349983215,0.5487503409385681,0.39098238945007324,1.5338947772979736,0.8901734352111816,0.7777777910232544,0.7570093274116516,0.8176780343055725,0.0,0.5496736168861389,0.5496736168861389,0.8220338821411133,0.7578125,2.1874999220017344e-05
57,0.7993951439857483,0.8942714929580688,0.5513502955436707,0.38788431882858276,1.5374213457107544,0.8705440759658813,0.7811447978019714,0.7523364424705505,0.8166788220405579,0.0,0.5501118302345276,0.5501118302345276,0.8151260614395142,0.7578125,2.1874999220017344e-05
58,0.819556474685669,0.9040319323539734,0.5475171804428101,0.3730802834033966,1.5176938772201538,0.8952381014823914,0.7912458181381226,0.7476635575294495,0.8164971470832825,0.0,0.5513927340507507,0.5513927340507507,0.8135592937469482,0.75,2.1874999220017344e-05
59,0.8155242204666138,0.9079424738883972,0.5494017601013184,0.36904481053352356,1.518908143043518,0.8959537744522095,0.7828282713890076,0.7523364424705505,0.8159974217414856,0.0,0.5534709692001343,0.5534709692001343,0.8205128312110901,0.75,1.0937499610008672e-05
60,0.8245967626571655,0.9091691970825195,0.5490404367446899,0.37019792199134827,1.5189603567123413,0.8992395401000977,0.7962962985038757,0.7523364424705505,0.8180868029594421,0.0,0.5568746328353882,0.5568746328353882,0.8151260614395142,0.7578125,1.0937499610008672e-05
61,0.8094757795333862,0.8975940346717834,0.552156388759613,0.3882245123386383,1.5394911766052246,0.8857142925262451,0.7828282713890076,0.7523364424705505,0.8185410499572754,0.0,0.5563148856163025,0.5563148856163025,0.8151260614395142,0.7578125,1.0937499610008672e-05
62,0.8155242204666138,0.8966041803359985,0.5523809790611267,0.3915941119194031,1.542523741722107,0.8959537744522095,0.7828282713890076,0.7570093274116516,0.8175872564315796,0.0,0.5513769388198853,0.5513769388198853,0.8220338821411133,0.7578125,1.0937499610008672e-05
63,0.8094757795333862,0.8983152508735657,0.5494459271430969,0.38315215706825256,1.5295881032943726,0.8901734352111816,0.7777777910232544,0.7570093274116516,0.8168150782585144,0.0,0.5491126179695129,0.5491126179695129,0.8220338821411133,0.7578125,5.468749805004336e-06
64,0.8135080933570862,0.9048166275024414,0.5481885075569153,0.37220460176467896,1.518548607826233,0.9001957178115845,0.7744107842445374,0.7523364424705505,0.8171784281730652,0.0,0.5508594512939453,0.5508594512939453,0.8151260614395142,0.7578125,5.468749805004336e-06
